calories,carb,fat,name,protein,sugar,type
101,5.1,5.6,Italian Baked Eggs,7.8,2.9,Breakfast foods
174,2.0,15.7,Broccoli and Cheddar Mini Quiches,6.8,0.8,Breakfast foods
127,4.2,7.8,Prosciutto Paleo Breakfast Muffins,10.2,1.0,Breakfast foods
156,2.7,11.4,Egg and Kale Muffin,10.7,0.5,Breakfast foods
98,18.6,1.4,Baked Blueberry Peach Oatmeal,4.3,8.4,Breakfast foods
39,9.2,0.2,Basic Vegetable Juice,1.2,5.1,Breakfast foods
128,12.8,0.9,Banana Protein Pancakes with Yogurt Glaze,18.1,3.1,Breakfast foods
187,14.4,14.3,Overnight Carrot Cake Porridge,3.3,2.9,Breakfast foods
99,11.4,3.6,Avocado Breakfast Smoothie,6.4,7.1,Breakfast foods
55,10.1,1.1,Berry Bran Shake,2.2,5.7,Breakfast foods
54,11.5,0.2,Cinnamon Yogurt with Sliced Apple,2.5,9.3,Breakfast foods
257,39.8,9.6,Breakfast Carrot Cake,4.8,13.6,Breakfast foods
173,25.6,4.4,Pumpkin Spice Breakfast Muffins,8.8,19.9,Breakfast foods
457,26.4,36.0,Peanut Butter Swirl Brownies,9.2,16.2,Breakfast foods
227,34.8,9.7,Paleo Breakfast Cookies,2.9,21.7,Breakfast foods
181,34.5,4.8,Blueberry Banana Breakfast Bars,4.1,14.1,Breakfast foods
341,32.4,23.2,Strawberry Banana Paleo Breakfast Bars,5.3,11.7,Breakfast foods
37,4.7,0.5,Stuffed Breakfast Peppers,3.5,2.9,Breakfast foods
100,22.1,1.5,Buckwheat Banana Pancakes,1.7,11.1,Breakfast foods
256,5.1,22.2,Coconut Flour Waffles,9.4,1.5,Breakfast foods
200,25.9,9.7,Quinoa Cinnamon Breakfast Bowl,4.2,7.3,Breakfast foods
151,32.7,3.6,Oat Bran Pancake,13.5,1.3,Breakfast foods
77,11.6,2.5,Oatmeal with Maple Syrup Almond Milk and Bacon,2.8,4.1,Breakfast foods
178,9.9,13.8,Overnight Blackberry Coconut Chia Seed Pudding,5.5,2.3,Breakfast foods
190,1.5,15.2,Scrambled Egg with Tofu,12.0,0.3,Breakfast foods
107,24.0,1.2,Baked Banana Oatmeal Cups with Blueberries,2.5,7.5,Breakfast foods
232,12.2,16.3,Bacon Egg and Tomato Club Sandwiches,9.0,2.2,Breakfast foods
242,17.9,13.1,German French Toast,13.1,3.2,Breakfast foods
101,2.6,6.6,Practical Paleo Swirly Crustless Quiche,7.5,1.6,Breakfast foods
187,21.6,9.3,Big Apple Pancake,5.3,15.2,Breakfast foods
184,3.1,14.6,Caramelized onion frittata,9.6,1.3,Breakfast foods
234,8.7,19.0,Breakfast Potatoes and Bacon,7.0,1.3,Breakfast foods
196,31.9,5.8,Blueberry and Brazil Nut Oatmeal,6.3,7.3,Breakfast foods
212,28.7,6.8,Peanut Butter Yogurt and Oats,12.1,7.7,Breakfast foods
183,2.6,14.0,Crustless Spinach Quiche,12.1,1.0,Breakfast foods
275,14.8,18.8,Easy Bacon and Cheese Quiche,11.6,1.6,Breakfast foods
321,67.2,6.3,Chocolate Granola,8.8,16.1,Breakfast foods
84,18.0,1.1,Oats with Rice Milk and Banana,1.6,1.8,Breakfast foods
189,34.9,2.9,Cr pes,5.6,15.5,Breakfast foods
119,4.1,7.9,Greens and Turkey Breakfast Bowl,8.8,1.0,Breakfast foods
86,2.3,6.2,Herb Omelette with Fried Tomatoes,5.6,0.1,Breakfast foods
66,12.5,1.8,Super Green Smoothie Bowl,1.1,6.5,Breakfast foods
218,32.4,4.4,Bagel with Cream Cheese and Lox,12.0,6.0,Breakfast foods
260,26.4,10.7,Pesto Pasta with Grilled Chicken,13.3,0.3,Breakfast foods
116,13.5,4.2,Chia and Guava Quark,7.2,3.5,Breakfast foods
157,1.4,10.6,Tuna Melt Omelet,13.5,0.6,Breakfast foods
90,11.9,3.1,nana Cream Pie Oatmeal,4.9,5.2,Breakfast foods
94,10.1,4.3,Berry Chia Pudding,4.4,7.0,Breakfast foods
37,8.2,0.6,Apple Strawberry and Flax Smoothie,0.6,4.9,Breakfast foods
81,6.8,4.5,Tofu Scramble and Avocado Toast,4.5,1.3,Breakfast foods
83,10.6,3.1,Spiced Sweet Potato and Goat Cheese Egg Skillet,3.6,2.4,Breakfast foods
220,17.0,12.7,Breakfast Taquitos,10.7,1.4,Breakfast foods
180,26.0,7.0,Banana Oat Baked French Toast,5.3,7.1,Breakfast foods
202,20.3,11.6,Muesli and Yogurt with Chia,7.3,7.1,Breakfast foods
122,5.0,8.0,Garlic and Onion Frittata,7.7,1.9,Breakfast foods
212,18.9,9.0,Breakfast pita pizza,15.0,0.8,Breakfast foods
253,37.1,9.5,Fluffy Whole Wheat Biscuits,6.7,4.5,Breakfast foods
125,21.6,3.3,Raspberry Coconut Parfait,3.8,16.5,Breakfast foods
100,11.3,5.1,Match Green Tea Chia Pudding,2.9,4.3,Breakfast foods
220,29.2,10.2,Vegan Oatmeal Pancakes,6.1,6.6,Breakfast foods
43,10.6,0.2,Pear Oatmeal,0.9,4.1,Breakfast foods
182,9.9,11.6,Egg Whites on Toast,9.7,1.4,Breakfast foods
169,14.1,12.5,Overnight Coconut Chia Pudding Breakfast Bowl,3.0,7.3,Breakfast foods
35,8.9,0.2,Cinnamon Banana and Nectarine Smoothie,0.6,5.2,Breakfast foods
116,9.0,6.2,Heuvos Rancheros,6.5,1.8,Breakfast foods
318,59.2,8.3,Oatmeal with Diced Fruit and Pistachios,8.4,26.2,Breakfast foods
116,15.8,5.5,Super Green Smoothie,3.1,0.6,Breakfast foods
149,25.4,5.0,Cinnamon Apple and Honey Toast,2.8,13.9,Breakfast foods
295,38.1,12.3,Spiced Berry Cobbler Oatmeal,10.9,3.6,Breakfast foods
149,4.4,8.8,Tomagoyaki,11.7,3.8,Breakfast foods
63,9.8,1.4,Banana Kiwi and Yogurt Smoothie,3.4,7.4,Breakfast foods
390,41.5,22.6,gredient Protein Bars,12.9,5.8,Breakfast foods
104,21.0,2.8,Apple Crumble Supreme,1.5,14.4,Breakfast foods
117,14.2,5.6,Vega One Blackberry Strawberry and Acai Smoothie,3.8,7.8,Breakfast foods
82,16.8,1.5,Overnight Oats In A Jar,1.8,5.8,Breakfast foods
210,6.2,13.9,Cheesy Egg Muffins,14.4,0.3,Breakfast foods
291,7.5,25.4,Coconut Flour English Muffins,7.9,3.8,Breakfast foods
151,30.4,2.2,Cinnamon Porridge with Blueberries and Coconut Yogurt,5.1,3.8,Breakfast foods
233,31.2,13.2,Coconut Milk with Oatmeal Dates and Raisins,2.6,21.8,Breakfast foods
194,22.7,10.9,Red Pepper Avocado Toast,4.4,2.3,Breakfast foods
92,17.2,2.3,Berry Soymilk Smoothie,3.0,10.3,Breakfast foods
123,13.9,3.0,Chocolate Peanut Butter Pancakes,10.5,4.5,Breakfast foods
233,23.7,13.6,Overnight Chai Chia Breakfast Parfait,6.5,13.7,Breakfast foods
117,4.4,6.6,Turkey Goat Cheese and Spinach Omelet,10.0,2.2,Breakfast foods
60,3.7,2.3,Veggie Egg White Muffins,6.1,2.2,Breakfast foods
346,11.9,23.4,Coconut Flour Bread,22.9,0.2,Breakfast foods
180,3.5,13.1,Hummus Eggs,11.8,0.3,Breakfast foods
211,21.1,9.6,Tofu Tahini Scramble,13.0,3.3,Breakfast foods
161,15.4,8.1,Avocado Toast with Cottage Cheese Eggs,7.9,1.5,Breakfast foods
187,26.2,6.6,Iced Gingerbread Protein Doughnuts,15.8,8.6,Breakfast foods
128,16.7,5.3,Tropical Breakfast Quinoa,4.1,3.5,Breakfast foods
104,2.5,6.7,Tomatillo and Avocado Scramble,8.5,1.0,Breakfast foods
134,4.0,8.9,Sausage And Cheese Breakfast Cups,9.5,1.7,Breakfast foods
163,3.0,12.2,Denver omelet,10.0,1.2,Breakfast foods
270,10.5,18.6,Egg in a Hole Sandwich,14.9,1.4,Breakfast foods
80,10.6,1.7,Banana and Berries Smoothie,6.1,3.7,Breakfast foods
155,25.2,2.8,Yummy Crepes,6.6,3.4,Breakfast foods
219,1.0,17.7,Cheese Bacon and Egg Breakfast Scramble,13.2,0.6,Breakfast foods
135,8.4,1.2,Blueberry protein pudding,22.6,4.5,Breakfast foods
135,23.1,2.7,Cream of Wheat,4.4,9.3,Breakfast foods
270,39.1,8.1,Chickpea Scramble Breakfast Bowl,12.5,6.8,Breakfast foods
155,15.1,8.4,Chunky Monkey Overnight Oats,5.9,2.7,Breakfast foods
230,14.0,13.9,Egg in a nest,11.8,2.2,Breakfast foods
142,3.0,9.3,Omelet Cupcakes,11.0,1.3,Breakfast foods
145,14.3,6.5,Protein Power Oats,9.6,2.5,Breakfast foods
268,23.3,13.3,High Fat Chorizo Cheese and Egg Burrito,13.3,1.1,Breakfast foods
95,18.7,1.3,Peaches and Cream Oatmeal,3.6,5.7,Breakfast foods
221,14.0,14.5,Cinnamon Banana Mug Cake,10.1,5.9,Breakfast foods
122,15.5,2.5,Chocolate Peanut Butter Pancakes,10.8,4.7,Breakfast foods
177,16.6,7.7,Breakfast Margherita Pizza,11.2,3.7,Breakfast foods
128,24.5,2.4,Blueberry Maple Syrup Oatmeal,4.2,10.5,Breakfast foods
129,1.6,8.4,Southwest Salsa Eggs,11.0,0.9,Breakfast foods
111,19.1,3.0,Paleo Pancakes,4.5,8.4,Breakfast foods
217,2.5,17.2,Low Carb Breakfast Lasagna,12.4,0.7,Breakfast foods
253,1.1,23.0,Cream Cheese Omelet,10.2,0.7,Breakfast foods
84,15.0,2.2,Orange Blueberry Yogurt Smoothie,2.4,10.2,Breakfast foods
86,11.1,3.9,Mango Chia Pudding,2.6,5.7,Breakfast foods
156,7.0,13.6,Avocado Egg Bake,4.1,0.6,Breakfast foods
152,5.0,10.0,Chicken Stir Fry,11.2,2.1,Breakfast foods
226,14.5,13.5,Egg in a Basket,11.5,1.6,Breakfast foods
96,3.1,5.9,Zucchini Frittata,7.4,1.7,Breakfast foods
150,11.1,7.4,Mexican Pepper and Cheese Breakfast Quesadilla,9.7,1.5,Breakfast foods
103,2.7,7.7,Tofu Scramble,7.5,0.8,Breakfast foods
190,5.3,16.6,The Best Keto Breakfast,6.5,0.6,Breakfast foods
135,2.5,10.0,Keto Mexican Scrambled Eggs,8.7,0.5,Breakfast foods
287,11.9,25.2,Anti Inflammatory Keto Porridge,7.2,2.8,Breakfast foods
182,1.8,13.4,Keto Philly Cheesesteak Omelet,13.3,0.8,Breakfast foods
91,13.9,1.9,Peanut Butter Banana Oatmeal Shake,5.7,6.0,Breakfast foods
117,8.8,5.4,Chia Cottage Cheese with Blueberries,9.2,4.1,Breakfast foods
98,2.5,5.6,Lowcountry Breakfast Shrimp,9.2,0.8,Breakfast foods
144,1.1,10.5,Eggs Cheese and Mushroom Omelet,11.0,0.7,Breakfast foods
74,16.6,0.5,Oatmeal and peaches,2.4,4.4,Breakfast foods
91,6.3,0.5,Pumpkin Protein Pancakes,13.7,2.8,Breakfast foods
114,18.4,2.2,Strawberry Crepes,5.2,5.2,Breakfast foods
208,16.8,9.9,Breakfast Sandwich,13.3,1.4,Breakfast foods
114,19.9,0.7,Oatmeal banana pancakes,7.7,4.9,Breakfast foods
215,10.3,12.3,Rooster Bullet Sandwich,15.1,1.2,Breakfast foods
209,9.2,14.1,Scrambled Tofu on Toast,14.3,0.8,Breakfast foods
121,14.5,2.0,gredient Protein Pancakes,10.6,0.6,Breakfast foods
123,13.5,5.4,Tomato Cream Cheese and Pepper Sandwich,5.2,4.4,Breakfast foods
124,13.7,5.8,Blueberry Parfait,4.7,7.9,Breakfast foods
104,14.9,3.0,Bare Banana Chia Shake,2.7,8.4,Breakfast foods
180,2.0,13.5,Omelet with Feta and Bacon,12.1,1.4,Breakfast foods
233,0.9,20.2,Fluffy omelet with cheese and spinach,11.7,0.3,Breakfast foods
88,3.8,3.7,Turkey Goat Cheese and Spinach Egg White Omelet,9.8,2.0,Breakfast foods
101,6.5,0.7,Protein Greek Yogurt and Fruit Salad,17.1,1.3,Breakfast foods
149,26.9,3.4,Cinnamon Porridge with Blueberries and Coconut Yogurt,3.6,3.7,Breakfast foods
55,1.8,1.5,Spinach and Mushroom Breakfast Scramble,8.5,0.9,Breakfast foods
181,13.8,10.7,Spicy Fried Eggs,8.5,1.3,Breakfast foods
94,16.3,2.3,Cinnamon Apple Oatmeal,3.5,6.3,Breakfast foods
258,34.7,11.6,Peanut Butter Banana Toast,8.1,19.8,Breakfast foods
188,15.7,6.7,Peanut Butter Protein Oats,17.2,1.0,Breakfast foods
56,10.0,0.2,Berry Yogurt Smoothie,4.0,7.7,Breakfast foods
196,18.8,6.8,Egg and Cheese Breakfast Sandwich,14.4,2.1,Breakfast foods
48,8.9,0.4,Egg White Oatmeal with Blueberries,2.8,3.1,Breakfast foods
152,26.8,3.3,Healthy Banana Oat Pancakes,6.9,5.8,Breakfast foods
112,21.9,1.7,Banana oatmeal,4.4,6.5,Breakfast foods
222,1.8,16.1,Microwave Ham Egg Cup,16.9,0.2,Breakfast foods
151,3.0,11.6,Morning Omelet,8.5,1.2,Breakfast foods
157,2.6,12.0,Pice de Gallo Egg White Cups,9.2,1.9,Breakfast foods
91,14.5,3.9,Overnight Chocolate Chia Seed Pudding,2.5,5.4,Breakfast foods
103,17.4,3.1,Quick and Easy Home Fries,2.1,0.6,Breakfast foods
234,33.0,10.2,Knock Oats,7.3,9.6,Breakfast foods
335,42.2,13.0,Buttered Toast with Cinnamon,12.9,6.2,Breakfast foods
148,3.0,9.9,Denver omelet,11.2,1.2,Breakfast foods
173,6.8,11.3,Steak and Eggs Hash,10.6,0.5,Breakfast foods
57,9.0,1.5,Strawberry Mango Shake,2.5,8.6,Breakfast foods
124,27.4,1.2,Vegan Banana Oat Pancakes,3.2,5.3,Breakfast foods
47,11.8,0.1,Oranges,0.9,9.4,Breakfast foods
131,2.1,10.1,Bacon and Eggs with Cherry Tomatoes,7.8,1.4,Breakfast foods
102,15.3,4.0,Vegan Breakfast Potatoes,1.9,1.2,Breakfast foods
176,6.9,10.3,Grilled Breakfast Pizza,14.2,0.8,Breakfast foods
161,30.3,1.8,Cinnamon Oatmeal Pancakes,8.7,3.7,Breakfast foods
179,22.8,9.2,Apple Pecan Steel Cut Oats,3.2,8.0,Breakfast foods
106,11.9,3.1,Anabolic Blueberry Oatmeal,8.7,2.9,Breakfast foods
193,19.1,11.8,Classic Avocado Toast,5.4,2.4,Breakfast foods
180,11.5,13.0,Puffy Corn Omelet,6.3,2.6,Breakfast foods
206,15.3,7.8,Morning Salmon Salad,17.9,2.4,Breakfast foods
212,36.6,6.3,Dark Chocolate Oatmeal,6.7,17.8,Breakfast foods
169,21.7,6.1,Banana Mash Muscle Muffins,10.8,4.4,Breakfast foods
190,1.2,15.0,Goat cheese and herb omelet,11.7,0.9,Breakfast foods
105,16.0,3.9,Orange Creamcicle Chia Pudding,2.5,10.1,Breakfast foods
216,25.5,10.6,High Protein Energy Balls,7.4,13.8,Breakfast foods
98,20.8,0.8,Peach Yogurt Bowl,3.3,14.7,Breakfast foods
123,3.4,8.7,Mushroom and Cheddar Omelet,8.0,2.2,Breakfast foods
215,37.8,4.8,Raisin Oat Muffins,6.5,13.7,Breakfast foods
179,9.6,11.6,Open face Breakfast Sandwich,9.2,1.2,Breakfast foods
101,12.0,4.8,Smashed Avocado and Garbanzo Beans,3.9,0.2,Breakfast foods
149,27.5,2.6,Microwave Amaranth Porridge,4.8,4.8,Breakfast foods
126,2.1,8.4,Egg Casserole,10.1,1.0,Breakfast foods
187,8.5,11.9,Cottage Cheese Pizza Dough,11.0,1.4,Breakfast foods
144,3.7,9.0,Turkey Sausage Egg Muffins,12.5,1.1,Breakfast foods
108,13.5,2.6,Protein Buddha Bowl,8.2,8.7,Breakfast foods
204,33.3,5.0,Spanish style Toast with Tomato,7.0,3.0,Breakfast foods
113,21.0,1.9,Overnight Banana Chai Breakfast Shake,4.2,6.0,Breakfast foods
188,25.0,6.1,Spinach and Kale Savory Oatmeal,9.6,1.0,Breakfast foods
63,8.1,0.2,Pineapple Cottage Cheese with Lime,7.4,3.4,Breakfast foods
148,0.2,7.6,Turkey Breakfast Sausage,19.5,0.0,Breakfast foods
227,23.8,13.1,Papaya and Oat Chia Smoothie,7.7,6.7,Breakfast foods
19,4.6,0.1,Pear Green Smoothie,0.4,3.1,Breakfast foods
127,5.9,8.7,Roast Pumpkin Frittata,6.9,2.7,Breakfast foods
197,29.3,6.4,Buttermilk Pancake,5.4,8.1,Breakfast foods
181,2.4,14.3,Southwest Omelet,10.9,1.0,Breakfast foods
146,9.3,9.0,Scrambled Eggs on Toast with Vegemite and Avocado,7.4,2.2,Breakfast foods
183,25.3,7.6,Coconut Cinnamon Muesli,5.9,3.7,Breakfast foods
182,22.6,8.3,Banana and Peanut Butter Swirl Muffins,7.6,8.6,Breakfast foods
331,44.2,13.8,Cinnamon Sugar Apple Muffins,9.5,20.3,Breakfast foods
174,31.0,4.1,Baked Banana Nut Donuts,5.0,9.9,Breakfast foods
96,17.3,1.9,Blueberry and Chia Overnight Oats,4.0,6.0,Breakfast foods
222,0.4,17.2,Sausage and Egg Bites,16.8,0.2,Breakfast foods
182,22.1,6.8,Cinnamon and Allspice French Toast,7.1,2.6,Breakfast foods
82,5.8,6.3,Coconut Peach Smoothie,2.1,3.3,Breakfast foods
284,38.4,11.2,Classic Scones with Jam,6.9,1.4,Breakfast foods
66,12.5,1.6,Vegan Chocolate Zucchini Oats,1.9,4.1,Breakfast foods
130,11.7,8.9,Veg Heavy toast,3.1,1.7,Breakfast foods
252,32.3,11.7,Chocolate Banana Protein Pancakes,9.6,24.9,Breakfast foods
132,2.7,9.2,Vegetarian Quorn Colombian Scrambed Eggs,8.9,0.5,Breakfast foods
102,2.4,5.9,Cottage Cheese Spinach and Tomato Omelet,9.4,1.2,Breakfast foods
175,21.4,3.9,Protein Waffles,13.1,0.4,Breakfast foods
113,17.7,2.8,Overnight Blueberry Maple Oatmeal,5.8,8.4,Breakfast foods
71,1.4,2.4,Turkey Mushroom and Spinach Egg Muffins,11.0,0.7,Breakfast foods
207,20.4,10.0,Pesto Breakfast Sandwich,9.7,4.3,Breakfast foods
244,1.0,20.9,Mozzarella Omelet,12.8,0.5,Breakfast foods
99,3.5,5.4,Protein Veggie Omelet,8.9,1.4,Breakfast foods
154,2.6,11.2,Bell Pepper Egg In Hole,10.4,1.6,Breakfast foods
268,1.2,24.1,Cheese Baked Eggs,11.6,0.7,Breakfast foods
25,5.4,0.2,Cabbage and Carrot Juice,1.3,3.3,Breakfast foods
328,10.7,29.1,Keto Pancakes,11.8,1.2,Breakfast foods
87,15.1,1.6,Berry Almond Green Smoothie,4.1,9.0,Breakfast foods
152,26.1,3.7,Cold Flax Oatmeal,6.8,4.2,Breakfast foods
53,7.0,0.4,Light Nectarine Yogurt,6.0,5.6,Breakfast foods
163,14.4,11.9,Almond Butter Smoothie,3.3,8.6,Breakfast foods
108,24.7,0.9,Pumpkin Pie Oatmeal,3.2,5.4,Breakfast foods
159,28.5,3.1,Ricotta Blueberry Pancakes,4.2,13.5,Breakfast foods
82,5.6,4.7,Poached Eggs Alla Pizzaiola,4.8,0.7,Breakfast foods
60,3.9,3.5,Mushroom Spinach and Goat Cheese Omelet,4.1,2.0,Breakfast foods
270,10.9,22.7,Grain Free Apple Almond Pancakes,8.9,4.3,Breakfast foods
61,9.1,2.9,Sunflower Butter Smoothie,1.0,3.9,Breakfast foods
48,4.3,3.2,Steam Callaloo,1.8,0.6,Breakfast foods
158,2.3,11.8,Avocado & Smoked Salmon Omelet,10.7,0.4,Breakfast foods
172,9.0,12.1,Vanilla Walnut Blueberry Yogurt,7.6,4.9,Breakfast foods
67,2.8,2.3,Veggie and Ham Omelet,8.4,1.8,Breakfast foods
62,12.9,1.4,Pineapple Parsley and Ginger Smoothie,0.7,10.3,Breakfast foods
208,32.7,7.5,Greek Yogurt Fruit and Cereal,6.4,16.0,Breakfast foods
186,1.1,13.8,Curry Cheddar Scrambled Eggs,13.7,0.4,Breakfast foods
119,16.6,0.7,Protein oatmeal pancakes,12.6,5.0,Breakfast foods
222,7.0,15.2,Eggs Turkey Spinach & Roasted Potatoes,14.3,0.9,Breakfast foods
118,12.0,1.7,Berries and Creme Protein Pancakes,13.6,1.3,Breakfast foods
67,10.5,0.4,Very Berry Greek Yogurt,6.3,8.6,Breakfast foods
139,4.7,10.0,Corned Beef on Toast,7.4,2.9,Breakfast foods
175,1.5,13.2,Basic scrambled eggs,12.1,0.4,Breakfast foods
78,18.7,0.4,Fast Oatmeal,1.9,7.7,Breakfast foods
127,3.4,8.7,Egg Muffins,8.8,1.8,Breakfast foods
234,18.5,16.0,Seedy Avocado Toast,7.4,1.8,Breakfast foods
114,4.7,7.7,Kale Peppers Tomatoes and Cashew Scramble,7.3,1.9,Breakfast foods
217,11.4,19.1,Chia Coconut Pudding,3.3,5.0,Breakfast foods
243,13.1,18.3,Coconut Banana Oatmeal Smoothie,10.0,4.7,Breakfast foods
204,30.8,7.9,Coconut rice pudding,3.0,4.5,Breakfast foods
91,9.3,3.7,Spinach and Poached Egg Muffins,6.1,1.8,Breakfast foods
191,28.0,7.7,Bruleed Banana and Peanut Butter English Muffins,6.1,11.7,Breakfast foods
97,18.2,1.6,Nectarine Oatmeal,4.2,5.5,Breakfast foods
64,4.8,3.1,Protein Southwest Scramble,4.6,2.5,Breakfast foods
161,15.9,9.9,Avocado Toast,4.3,1.7,Breakfast foods
170,7.5,14.3,Grilled Avocado with Melted Cheese and Hot Sauce,5.6,0.6,Breakfast foods
137,15.6,4.3,Canadian Bacon Breakfast Sandwich,9.8,3.6,Breakfast foods
60,2.0,2.5,Egg White and Mushroom Omelet,7.4,1.6,Breakfast foods
241,25.0,12.0,Yogurt Parfait,8.4,12.4,Breakfast foods
216,24.7,11.8,Banana and Strawberry Wrap,6.0,7.9,Breakfast foods
98,6.5,5.9,Tofu Scrambled Eggs,7.1,1.9,Breakfast foods
133,18.4,4.8,Tahini Fruit Dip with Apples,6.1,15.1,Breakfast foods
139,18.9,5.9,Overnight Oats with Figs and Honey,4.2,10.9,Breakfast foods
348,9.9,27.0,Toad in the Hole with bacon,15.8,1.0,Breakfast foods
73,13.8,0.9,Buckwheat Groats with Milk,3.4,1.9,Breakfast foods
77,8.0,2.1,getable Tofu Scramble,6.7,1.3,Breakfast foods
193,17.2,8.8,Make Ahead Breakfast Burritos,10.8,1.8,Breakfast foods
168,5.9,14.2,Egg Stuffed Avocado,5.3,1.1,Breakfast foods
192,18.8,10.3,English Muffin Egg Sandwich,7.6,0.9,Breakfast foods
112,5.4,8.6,Turkish Style Zucchini Fritters,4.0,2.6,Breakfast foods
92,2.1,5.5,Emmental Cheese Tomato and Arugula Omelet,8.6,1.3,Breakfast foods
232,12.1,15.9,Fried Eggs on Toast with Pepper Jack and Avocado,11.0,1.2,Breakfast foods
357,67.4,9.5,Muesli,11.0,18.2,Breakfast foods
72,11.0,2.6,Peanut Butter Banana Oatmeal,2.6,2.8,Breakfast foods
140,0.4,8.3,Eggs Cheese and Tuna Omelet,15.7,0.3,Breakfast foods
102,16.9,3.9,Baked Apples with Maple Syrup and Granola,1.2,11.7,Breakfast foods
96,3.0,7.2,Stir Fried Egg and Tomato,5.2,2.2,Breakfast foods
145,23.0,4.3,ese Chocolate and Peanut Butter Oatmeal,6.1,3.9,Breakfast foods
143,16.8,6.7,Overnight Blueberry Chia Seed Oatmeal,5.4,2.5,Breakfast foods
226,1.5,16.3,Basic Chaffle,17.6,0.7,Breakfast foods
91,14.7,2.1,Banana Oat and Chia Smoothie,4.5,8.3,Breakfast foods
63,15.7,0.3,Island in the Sun Smoothie,0.9,11.8,Breakfast foods
91,2.9,5.8,Spinach Scramble,7.3,1.2,Breakfast foods
69,16.4,0.6,Honey Cocoa Oatmeal,1.9,5.7,Breakfast foods
222,12.1,13.2,Sausage and Egg Breakfast Sandwich,12.9,1.4,Breakfast foods
50,11.3,0.3,ek of Oats in Minutes,1.5,2.9,Breakfast foods
348,21.4,21.5,Bacon and Cheddar Grilled Cheese,17.2,2.7,Breakfast foods
130,17.4,3.4,Banana oatmeal smoothie,9.2,5.3,Breakfast foods
181,1.0,14.4,Everyday Fluffy Scrambled Eggs,11.2,0.7,Breakfast foods
34,7.1,0.6,Spinach and Banana Smoothie,0.6,2.9,Breakfast foods
66,7.6,0.4,Light Raspberry yogurt,8.3,6.0,Breakfast foods
97,11.9,3.6,Greek Yogurt and Fruit Salad,5.8,7.7,Breakfast foods
106,12.4,1.4,Oatmeal Cottage Cheese Pancakes,10.8,2.4,Breakfast foods
84,11.2,0.7,Cinnamon Protein Oats,9.2,0.0,Breakfast foods
71,1.3,5.6,Korean Style Steamed Eggs,4.0,0.2,Breakfast foods
117,13.0,4.6,Banana Flax Pancakes,6.9,6.2,Breakfast foods
94,13.3,2.2,Corned Beef Hash,5.4,0.8,Breakfast foods
327,47.9,12.0,Cinnamon Toast,8.9,18.7,Breakfast foods
207,28.4,9.0,Banana Pecan Cornmeal Pancakes,5.0,8.8,Breakfast foods
61,3.1,3.9,Tomato Scrambled Eggs,3.8,2.0,Breakfast foods
148,4.8,9.0,Hawaiian Pineapple Egg Scramble,11.9,2.5,Breakfast foods
105,2.2,7.7,Low Carb Eggs in a Nest,6.6,1.7,Breakfast foods
183,10.2,11.5,Sausage and Egg Breakfast Burrito,9.9,1.3,Breakfast foods
142,6.0,7.6,Cottage Cheese Breakfast,13.5,2.9,Breakfast foods
399,8.7,36.7,Keto Lemon Blueberry Muffins,10.4,3.1,Breakfast foods
174,18.7,8.7,Chestnut Pancakes with Bacon and creme fraiche,5.5,4.7,Breakfast foods
174,27.4,6.0,Peanut Butter and Banana Toast,5.6,11.0,Breakfast foods
417,1.3,39.7,Bacon,12.6,1.0,Breakfast foods
186,10.6,12.4,Light Peanut Butter Mousse,8.8,6.6,Breakfast foods
233,1.3,19.3,Keto Breakfast Sandwich,13.1,0.3,Breakfast foods
148,13.1,6.3,Breakfast Greek Yogurt Delight,11.4,7.4,Breakfast foods
105,20.1,1.6,Vegan Banana Oat Soy Shake,4.3,5.4,Breakfast foods
265,1.4,22.8,Keto Jalepeno Breakfast Muffins,13.3,0.9,Breakfast foods
123,11.7,0.8,Cinnamon Swirl Pumpkin Pie Protein Pancakes,16.9,0.8,Breakfast foods
322,5.3,27.0,Keto Mug English Muffins,14.9,1.5,Breakfast foods
136,2.1,9.6,Scrambled Eggs with Spinach and Cream Cheese,9.9,0.9,Breakfast foods
87,20.4,0.9,Fruity Date Oatmeal,1.6,10.8,Breakfast foods
175,11.7,8.8,Breakfast Cheesecake,11.8,0.5,Breakfast foods
167,1.2,12.3,Garlic Eggs,12.1,0.4,Breakfast foods
99,18.6,1.8,Cranberry Banana Oatmeal,3.8,8.5,Breakfast foods
143,0.7,9.5,Easy Hard Boiled Eggs,12.6,0.4,Breakfast foods
115,13.5,4.1,Protein Pancake,5.8,7.3,Breakfast foods
195,11.8,3.9,High Protein Banana Bread,28.0,4.7,Breakfast foods
102,4.4,7.3,Scrambled Eggs with Mushrooms,5.2,2.2,Breakfast foods
225,0.8,17.9,Classic Omelet,14.6,0.3,Breakfast foods
346,34.1,19.2,Buttered Toast,10.1,3.5,Breakfast foods
60,3.4,2.8,Egg White Avocado & Tomato Scramble,5.2,0.4,Breakfast foods
138,7.2,8.7,Raspberry greek yogurt,7.2,3.4,Breakfast foods
207,9.4,15.7,Greek Yogurt with Blueberries Walnuts & Honey,9.0,5.0,Breakfast foods
176,2.2,12.5,Southwestern Eggs,13.1,1.6,Breakfast foods
168,1.4,12.4,Mug Omelet,12.4,0.3,Breakfast foods
151,2.3,10.4,Cheesy Scrambled Eggs With Scallions,11.7,0.8,Breakfast foods
118,2.7,8.1,Veggie Omelet,8.6,1.4,Breakfast foods
176,1.4,12.9,Scrambled Eggs with Feta,12.7,1.1,Breakfast foods
149,1.0,9.8,Cheese Egg White Omelette,13.4,0.6,Breakfast foods
57,14.5,0.3,Blueberries,0.7,10.0,Breakfast foods
243,0.7,21.8,Gordon Ramsay s Scrambled Eggs,10.5,0.3,Breakfast foods
112,18.7,2.7,Strawberry Smoothie Bowl,4.0,3.9,Breakfast foods
94,12.8,3.3,Blueberry Oatmeal,4.8,2.9,Breakfast foods
77,10.1,1.9,PB&J Smoothie,5.8,5.7,Breakfast foods
89,22.8,0.3,Banana,1.1,12.2,Breakfast foods
133,2.4,8.7,Sausage and Egg White Scramble,10.9,0.9,Breakfast foods
62,14.0,0.5,Dairy Free Strawberry Oatmeal,1.9,3.7,Breakfast foods
101,19.6,1.7,Cinnamon Honey Corn Flakes,3.5,10.8,Breakfast foods
85,9.2,2.2,gredient Protein Pancakes,7.5,5.0,Breakfast foods
157,2.3,12.9,Onion and Tomato Omelet,7.7,1.3,Breakfast foods
143,0.9,9.5,Scrambled Eggs with Onion Flakes,12.5,0.5,Breakfast foods
81,2.9,5.6,Tomato Frittita,4.9,1.9,Breakfast foods
340,52.0,14.7,Pumpkin Granola,6.1,23.8,Breakfast foods
186,16.1,8.8,Make ahead Bacon and Cheese Breakfast Burritos,10.0,2.0,Breakfast foods
96,20.5,1.2,Sweet Potato and Mushroom Hash,1.7,1.2,Breakfast foods
200,23.5,7.6,Egg and Greens Sandwich,9.8,2.5,Breakfast foods
109,9.8,4.6,Broccoli & Feta Omelet with Toast,7.6,1.9,Breakfast foods
139,16.4,6.8,Sweet Manicotti Pancakes,4.0,10.0,Breakfast foods
153,3.5,12.6,Sour Cream Scrambled Eggs,7.5,0.7,Breakfast foods
178,4.1,14.0,Canadian Bacon and Avocado Omelet,9.4,1.4,Breakfast foods
51,6.7,0.3,Light Peach Yogurt,5.8,5.9,Breakfast foods
154,2.8,11.6,Matcha Scrambled Eggs with Lime,9.7,0.8,Breakfast foods
153,25.7,4.6,Cold Goji Berry Porridge,5.2,13.0,Breakfast foods
117,11.5,7.3,Tropical Grain free Breakfast Porridge,2.4,6.8,Breakfast foods
90,13.2,3.5,Cranberry and Flax Smoothie,3.0,8.4,Breakfast foods
248,27.5,8.5,Salmon Crackers,14.8,1.8,Breakfast foods
195,1.2,16.7,Fluffy Omelet with Cheese and Zucchini,9.8,0.8,Breakfast foods
223,41.7,4.7,Pots of Passion Fruit Yogurt with Coconut Macaroons,5.2,38.6,Breakfast foods
198,3.2,15.2,Sriracha Scrambled Eggs and Ham,11.2,0.3,Breakfast foods
113,15.6,3.2,Coconut Flour Pancake,5.8,7.0,Breakfast foods
177,31.1,6.2,Puff Pastry Apple Strudel Toastie,1.8,18.2,Breakfast foods
218,32.6,9.4,Waffles with Raspberry & Chocolate Sauce,4.6,12.3,Breakfast foods
112,15.5,4.3,Strawberry Yogurt and Strawberries,4.2,1.8,Breakfast foods
89,22.3,0.5,Green A Smoothie,0.6,17.1,Breakfast foods
158,21.2,7.2,Plantain Bread,4.6,10.0,Breakfast foods
144,19.8,2.6,Poached Egg Turkey and Roast Beef Bagel Breakfast Sandwich,10.1,5.3,Breakfast foods
101,8.3,5.1,Sweet Potato Breakfast Skillet with Bacon,5.9,2.3,Breakfast foods
221,24.3,9.1,French Crepes,8.3,3.6,Breakfast foods
258,17.1,18.9,Lemon Berry Skillet Cake,6.4,10.1,Breakfast foods
166,2.6,11.6,Kale Mozzarella and Egg Bake,12.7,0.9,Breakfast foods
129,2.0,8.3,Bacon and Zucchini Egg Muffins,10.8,0.9,Breakfast foods
138,2.8,9.9,Cheesy Chorizo Frittata,9.6,1.5,Breakfast foods
145,19.0,5.1,Gluten Free Quinoa Pancakes,6.6,0.6,Breakfast foods
114,10.5,3.8,Peanut Butter Berry Pineapple Protein Smoothie,10.3,6.4,Breakfast foods
393,67.9,13.3,Rice Cake with Peanut Butter Coconut and Dried Cranberries,7.0,37.1,Breakfast foods
177,26.7,8.7,Fried Plantains with Sour Cream,1.3,12.7,Breakfast foods
175,28.1,4.6,Mango Raspberry Rice Bowl,5.5,4.7,Breakfast foods
53,5.6,3.0,Peach Chia Seed Pudding,1.5,3.0,Breakfast foods
227,24.6,11.5,Vanilla Crepes,6.2,6.7,Breakfast foods
129,14.2,6.9,Fruit Ball,3.6,12.1,Breakfast foods
199,22.9,7.4,Scrambled Eggs and Sausage Wrap,9.4,2.4,Breakfast foods
152,23.8,3.9,Apple Cinnamon Oatmeal Frittata,7.9,10.6,Breakfast foods
179,11.8,10.1,Breakfast Sandwich,10.1,1.0,Breakfast foods
117,21.9,1.4,nute Honey Yogurt Quinoa Parfait,6.0,10.4,Breakfast foods
121,16.8,2.1,Cinnamon Apple Protein Oatmeal,9.5,5.2,Breakfast foods
401,36.0,26.1,Cinnamon Sugar Toast with Sea Salt,7.6,11.4,Breakfast foods
92,5.1,5.4,Italian Eggs,6.5,0.6,Breakfast foods
90,15.3,2.3,Blueberry Yogurt Overnight Oats,3.5,6.0,Breakfast foods
85,3.8,3.5,Tasty Turkey & Spinach Omelet,9.4,1.9,Breakfast foods
227,6.7,16.8,Sausage and Egg Casserole,11.8,2.2,Breakfast foods
102,19.8,1.9,Overnight Chilled Honey Cinnamon Oats,2.6,3.8,Breakfast foods
66,10.2,0.4,Greek Yogurt with Mixed Berries,6.2,8.6,Breakfast foods
114,17.1,4.6,Overnight Muesli,3.1,4.1,Breakfast foods
67,12.2,1.5,Breakfast Fruit Spinach and Oats Shake,2.2,5.0,Breakfast foods
92,10.1,2.8,Greek Yogurt and Berry Parfait,7.8,8.0,Breakfast foods
115,3.0,7.0,Scrambled Eggs with Spinach and Ricotta,9.9,0.4,Breakfast foods
66,2.6,1.2,Ham Egg Beaters and Mushroom Scramble,10.1,0.5,Breakfast foods
73,17.2,0.3,Blueberry Smoothie,1.7,12.1,Breakfast foods
141,6.4,11.5,Eggs Baked in Avocado,5.0,0.7,Breakfast foods
201,12.2,16.1,Pina Colada Chia Pudding,4.3,5.0,Breakfast foods
76,9.4,3.9,Carrot Cake Chia Pudding,1.7,5.9,Breakfast foods
97,13.7,3.0,Lemon and Vanilla Chia Pudding,4.0,8.3,Breakfast foods
185,29.6,5.2,Flourless Vegan Pumpkin Muffins,6.7,10.9,Breakfast foods
241,21.9,10.8,Ham and Cheese Egg Dunkers,13.4,2.4,Breakfast foods
124,20.2,3.9,Fruit Cereal,2.7,10.6,Breakfast foods
94,16.9,2.5,Potato Hash with Spinach,2.0,2.0,Breakfast foods
115,19.9,2.1,Chocolate Cherry Shake,6.4,8.7,Breakfast foods
70,16.9,0.3,Apple Cinnamon Raisin Oatmeal,1.3,7.8,Breakfast foods
263,1.8,21.9,Gouda & Green Onion Omelet,14.6,1.1,Breakfast foods
143,2.2,11.3,Asparagus Fontina and Tomato Frittata,8.3,1.3,Breakfast foods
205,16.7,12.1,Pumpkin Pancakes,8.0,6.5,Breakfast foods
51,4.5,2.1,Breakfast Stuffed Peppers,4.0,2.4,Breakfast foods
136,25.5,2.5,Applesauce Pancakes,4.4,9.2,Breakfast foods
80,14.5,2.7,Fruit and Nut Bowl,1.4,9.4,Breakfast foods
176,19.2,8.9,Spiced Pumpkin Pancakes,5.9,7.2,Breakfast foods
205,1.5,16.8,Pesto Scrambled Eggs,11.2,0.3,Breakfast foods
52,11.0,0.9,Tropical Green Fusion Smoothie,1.2,6.3,Breakfast foods
143,20.1,4.2,Fluffy Canadian Pancakes,8.1,2.5,Breakfast foods
112,13.4,4.8,Raspberry Yogurt Parfait,4.2,9.5,Breakfast foods
135,18.6,5.4,Baked Oatmeal,4.7,4.5,Breakfast foods
168,35.9,2.4,Overnight Cranberry Oatmeal,4.4,8.7,Breakfast foods
142,13.2,6.6,Avocado and Cottage Cheese Toast,8.5,2.3,Breakfast foods
180,2.6,12.0,Turkey Omelet,14.7,1.3,Breakfast foods
149,35.1,0.8,Sunrise Oatmeal,3.6,13.4,Breakfast foods
159,38.0,0.8,Sunrise raisin oatmeal,3.6,16.4,Breakfast foods
146,2.3,9.7,Asparagus Canadian Bacon and Cheese Frittata,12.1,0.9,Breakfast foods
234,34.4,7.4,Gluten Free Pancakes,10.7,7.9,Breakfast foods
88,4.5,5.5,Paleo Egg Muffins,5.5,2.1,Breakfast foods
126,29.3,1.5,Pomegranate Muesli,2.0,23.1,Breakfast foods
86,20.1,0.9,Date and Berry Oatmeal,1.5,10.6,Breakfast foods
86,7.2,3.4,Blackberry Yogurt Parfait,7.6,3.8,Breakfast foods
187,33.5,3.6,Fluffy Vegan Pancakes,5.4,7.9,Breakfast foods
186,1.4,14.7,Scrambled Eggs with Smoked Salmon,12.1,0.7,Breakfast foods
240,17.4,15.2,Grilled Monterey Jack and Corn Quesadillas,10.2,1.9,Breakfast foods
93,3.7,5.2,Spinach Feta and Artichoke Breakfast Bake,8.1,1.1,Breakfast foods
178,34.0,4.1,Banana Raisin Oatmeal,5.1,13.3,Breakfast foods
78,16.2,1.2,Blueberry Cheesecake Oatmeal,1.9,8.2,Breakfast foods
212,25.0,6.5,Poached Eggs on Toast,12.7,1.6,Breakfast foods
112,13.4,5.0,Pepper and Hummus Toast,5.0,2.5,Breakfast foods
175,13.8,11.3,Avocado and Salmon Toast,7.0,1.6,Breakfast foods
84,12.0,3.3,Vegan Savory Oatmeal,3.4,1.5,Breakfast foods
180,25.3,8.4,Pumpkin Spread with Toasted Pita,4.7,10.5,Breakfast foods
222,15.0,11.2,Ham and Cheese Dunker with Boiled Eggs,14.5,1.7,Breakfast foods
256,15.9,16.3,Egg in a Cup,10.7,0.5,Breakfast foods
140,1.9,10.5,Mushroom and Pepper Egg White Omelet,9.5,1.3,Breakfast foods
202,20.1,6.5,Greek Yogurt Protein Pancakes,15.6,5.7,Breakfast foods
126,15.1,5.3,Peach Yogurt Parfait,5.1,6.6,Breakfast foods
219,13.2,13.3,English Muffin Ham Breakfast Sandwich,12.5,2.6,Breakfast foods
112,2.4,6.3,Egg and Cottage Cheese Omelet,11.2,1.5,Breakfast foods
120,11.3,6.9,Keto Oatmeal,3.9,1.0,Breakfast foods
221,2.6,17.6,Keto Breakfast Tacos,13.2,0.6,Breakfast foods
334,4.8,28.7,Almond Crusted Keto Quiche,14.5,1.2,Breakfast foods
125,20.7,3.1,Peach Cobbler Oatmeal,4.5,3.4,Breakfast foods
82,10.8,1.6,Breakfast Parfait,6.8,6.0,Breakfast foods
202,4.0,15.8,Crustless Quiche,11.0,2.4,Breakfast foods
78,18.0,0.5,Cinnamon Honey Oats,2.2,2.8,Breakfast foods
94,4.3,5.2,Egg and Onion Scramble,7.0,2.0,Breakfast foods
89,7.0,5.8,Raspberry Chia Seed Pudding,3.1,0.8,Breakfast foods
140,4.6,11.5,Broccoli Quiche,6.0,0.7,Breakfast foods
110,10.5,5.8,Blueberry Chia Seed Pudding,5.1,5.4,Breakfast foods
175,12.6,10.5,Avocado and Egg Toast,8.5,1.7,Breakfast foods
127,11.1,5.2,Blueberry and Sunflower Seed Steel Cut Oatmeal,9.9,0.6,Breakfast foods
188,18.5,7.3,Breakfast Sandwich with Egg Cheese and Ham,13.0,3.5,Breakfast foods
68,9.2,3.0,Chia Pudding,1.8,1.6,Breakfast foods
78,11.7,2.5,Breakfast Oatmeal with Milk and Blueberries,3.1,5.8,Breakfast foods
262,44.7,8.8,Breakfast Quinoa,6.1,29.4,Breakfast foods
138,3.9,9.5,Scrambled Eggs with Spinach & Parmesan,10.0,0.4,Breakfast foods
72,8.9,1.1,Mango Trifle,7.2,7.2,Breakfast foods
213,32.0,5.8,French Toast,7.8,2.9,Breakfast foods
253,0.2,17.0,rb Breakfast Patties,23.4,0.0,Breakfast foods
87,3.7,6.3,Scrambled eggs with vegetables,4.3,2.1,Breakfast foods
95,2.9,6.4,Scrambled Eggs with Bell Pepper and Feta,6.6,1.6,Breakfast foods
38,3.0,0.3,Veggie Omelet,5.7,1.4,Breakfast foods
123,20.8,1.1,Microwave Vanilla Banana Oat Cake,6.1,6.8,Breakfast foods
121,14.2,4.0,Microwave Peanut Butter Protein Oats,8.4,1.0,Breakfast foods
133,3.4,9.8,Pumpkin Scrambled Eggs,7.9,1.4,Breakfast foods
125,18.5,4.4,Dairy Free Berry Banana Chia Yogurt,4.1,7.7,Breakfast foods
246,23.3,14.9,Banana Tahini Toast,7.9,7.0,Breakfast foods
115,12.7,4.7,gredient Protein Pancakes,6.3,6.8,Breakfast foods
105,17.0,3.2,Maple Banana Oats,3.1,3.9,Breakfast foods
175,20.7,9.6,Apple Sandwiches with Almond Butter & Granola,4.4,10.8,Breakfast foods
56,6.9,0.4,Greek Yogurt with Blue and Blackberries,6.6,4.9,Breakfast foods
82,13.0,1.8,Corn Flakes,3.7,5.5,Breakfast foods
127,7.9,4.8,Oat & cottage pancakes,12.4,1.8,Breakfast foods
81,15.0,2.0,Chocolate Banana Oatmeal,1.9,5.0,Breakfast foods
190,22.6,7.3,Oatmeal Pancakes,10.0,10.8,Breakfast foods
161,23.1,6.6,Breakfast Quesadilla,4.1,7.0,Breakfast foods
138,11.9,4.7,Protein Banana Egg Pancakes,12.5,5.9,Breakfast foods
306,10.8,23.7,Almond flour pancakes,13.3,5.2,Breakfast foods
178,15.2,10.8,Guacamole Pizza,7.2,0.5,Breakfast foods
56,15.2,1.6,Oat Bran,4.0,0.3,Breakfast foods
77,9.9,2.8,Strawberry Cheesecake Chia Pudding,3.9,5.6,Breakfast foods
193,11.4,12.6,Protein Breakfast Burrito,13.4,1.2,Breakfast foods
155,0.7,9.7,Eggs Cheese and Bacon Omelet,15.3,0.5,Breakfast foods
114,2.2,7.8,Huevos Pericos,8.4,1.1,Breakfast foods
156,2.5,12.0,Pesto Scrambled Egg Whites,9.2,0.5,Breakfast foods
131,2.3,11.4,Eggs & Greens,5.7,1.0,Breakfast foods
172,27.4,6.2,Banana & Almond Butter Toast,4.4,9.9,Breakfast foods
114,12.7,4.5,Banana Egg Pancakes,6.4,6.8,Breakfast foods
126,3.4,9.4,Simple Spinach Scramble,7.1,1.5,Breakfast foods
106,8.1,3.5,High Protein Omelet,9.6,6.6,Breakfast foods
130,1.8,8.8,Egg Avocado and Bacon Scramble,10.6,0.6,Breakfast foods
54,2.6,4.6,Spinach Avocado Smoothie Bowl,0.7,0.1,Breakfast foods
184,28.2,6.3,Banana Oat and Peanut Butter Muffin,6.3,12.9,Breakfast foods
130,19.4,5.1,Peanut Butter & Banana Oatmeal,4.5,3.7,Breakfast foods
117,15.1,3.8,Vegan Protein Burrito,7.0,1.9,Breakfast foods
109,18.7,3.0,Yogurt and Chia Overnight Oats,3.7,7.7,Breakfast foods
155,1.7,10.8,Scrambled Eggs with Spinach and Mexican Blend Cheese,12.7,0.4,Breakfast foods
200,1.5,16.6,Scrambled Eggs with Cheddar Cheese,10.7,1.2,Breakfast foods
95,13.9,3.9,Cinnamon Almond Oatmeal,3.4,0.6,Breakfast foods
174,14.5,11.0,Banana Peanut Butter Chia Pudding,6.9,7.6,Breakfast foods
285,14.0,19.2,To Go Breakfast Quesadillas,13.1,1.0,Breakfast foods
194,2.9,16.2,Thin Green Spinach and Herb Omelet,10.2,0.5,Breakfast foods
189,4.4,12.5,Savory Cheese Chive Waffles,15.0,1.2,Breakfast foods
200,40.0,4.1,Oatmeal with Blueberries Sunflower Seeds and Agave,5.2,6.0,Breakfast foods
95,11.9,1.4,Apple Walnut Parfait,9.6,9.5,Breakfast foods
84,15.9,1.9,Overnight Banana and Zucchini Oats,2.7,3.3,Breakfast foods
127,19.3,4.2,Quinoa and Berries,3.6,3.3,Breakfast foods
109,16.3,2.7,Overnight Chia Seed Oatmeal,6.2,1.1,Breakfast foods
80,18.5,0.9,Carrot Cake Oatmeal,1.6,9.3,Breakfast foods
149,6.7,9.5,Vanilla greek yogurt,7.8,3.4,Breakfast foods
55,10.7,1.2,Banana and Kale Smoothie,1.7,5.5,Breakfast foods
425,37.6,28.0,Paleo Cocoa Puffs,13.0,27.5,Breakfast foods
80,16.0,1.9,Cinnamon Blueberry Oatmeal,1.4,8.7,Breakfast foods
108,22.1,2.5,Quick Banana Berry Breakfast,2.0,11.7,Breakfast foods
58,14.0,0.6,Tropical Fruit Salad,0.9,8.0,Breakfast foods
99,11.6,4.1,Kimchi Tofu Scramble Tacos,5.9,1.3,Breakfast foods
102,21.1,1.6,Swiss Bircher Muesli,2.8,5.8,Breakfast foods
43,10.9,0.2,Apricot Smoothie,0.7,7.3,Breakfast foods
413,65.5,17.8,S mores Granola,6.0,21.4,Breakfast foods
66,3.1,3.6,Cheesy Veggie Bake,5.7,1.9,Breakfast foods
162,16.2,4.7,Cream Cheese Lox and Capers English Muffin,13.4,1.9,Breakfast foods
121,9.3,7.3,Bacon Cheddar Steel Cut Oatmeal,4.7,1.0,Breakfast foods
72,16.0,1.3,Blueberry Oatmeal Smoothie,0.9,10.8,Breakfast foods
147,24.5,1.2,Chocolate Oats,11.9,7.0,Breakfast foods
123,9.0,1.6,Protein Silver Dollar Blueberry Pancakes,18.1,2.2,Breakfast foods
167,12.1,9.2,Low Carb Blueberry Muffin,11.0,6.7,Breakfast foods
128,3.5,8.2,Skinny Veggie Egg Muffins,9.8,1.7,Breakfast foods
31,5.9,0.5,Strawberry Spinach and Ginger Thick Green Smoothie,1.6,1.8,Breakfast foods
103,13.3,1.8,Morning Fruity Protein Shake,9.3,7.6,Breakfast foods
90,10.7,2.4,Peach and Blueberry Parfait,6.9,6.9,Breakfast foods
104,13.0,2.1,Acai Berry Smoothie,1.4,6.1,Breakfast foods
106,18.7,1.3,Overnight Raspberry Vanilla Muesli,5.7,3.5,Breakfast foods
244,1.3,21.9,Creme Fraiche and Chive Scrambled Eggs,9.4,0.3,Breakfast foods
142,8.9,8.0,Savory Manicotti Pancakes,9.2,1.7,Breakfast foods
27,6.0,0.2,Cucumber Apple Berry Smoothie,1.4,2.9,Breakfast foods
76,3.6,4.5,Egg white omelet,5.4,1.9,Breakfast foods
186,34.0,4.7,Hazelnut and Banana Sushi,3.3,14.2,Breakfast foods
110,6.1,5.5,Salmon & Potato Scramble,8.8,0.6,Breakfast foods
125,15.3,5.7,Gluten Free Banana Egg Pancake,4.7,8.2,Breakfast foods
146,9.6,9.5,Quick ham grits,5.5,1.2,Breakfast foods
65,2.9,3.5,Caprese Eggs and Portabella Mushrooms,5.9,1.9,Breakfast foods
109,2.3,7.2,Ham Egg and Spinach Roll Ups,8.5,1.0,Breakfast foods
117,3.4,7.6,Prosciutto Wrapped Mini Frittata Muffins,9.1,1.0,Breakfast foods
142,27.7,3.0,Date and Pistachio Porridge,4.1,15.7,Breakfast foods
88,10.0,4.6,Chocolate Avocado Smoothie,3.1,4.6,Breakfast foods
191,20.8,7.6,Simple California Omelet,10.4,2.6,Breakfast foods
209,29.0,9.6,Chocolate Avocado Toast,6.7,8.6,Breakfast foods
128,3.1,10.1,Skillet Baked Eggs,6.6,0.4,Breakfast foods
164,1.9,13.6,Spinach Goat Cheese and Chorizo Omelet,8.9,0.3,Breakfast foods
104,2.5,7.5,Soft Scrambled Eggs with Goat Cheese and Asparagus,7.2,1.1,Breakfast foods
216,4.5,17.3,Country Sausage Gravy,11.8,2.2,Breakfast foods
177,12.9,10.8,Protein Breakfast Muffin,8.8,2.5,Breakfast foods
179,10.0,8.5,Simple Chicken Sandwich,15.0,1.6,Breakfast foods
175,27.5,3.9,Cornflake Crunch French Toast,7.2,6.4,Breakfast foods
104,10.7,4.8,Quinoa and Egg Enchilada Skillet,5.2,0.6,Breakfast foods
242,20.8,12.5,Grab and Go Breakfast Muffins,11.0,1.9,Breakfast foods
171,33.1,5.1,Yam Muffins,5.4,20.4,Breakfast foods
268,18.3,13.7,Bacon Egg and Cheese Breakfast Bagel,17.2,0.2,Breakfast foods
403,58.2,18.7,Dried Fruit and Almond Granola,7.6,13.9,Breakfast foods
185,10.2,13.9,Scrambled Eggs with Bacon and Avocado,6.3,1.0,Breakfast foods
65,7.4,3.7,Peach Avocado Smoothie,1.9,3.8,Breakfast foods
97,3.1,6.0,Mini Vegetable Frittatas,7.7,1.6,Breakfast foods
66,4.1,2.5,Turkey Egg White Omelet,6.8,2.0,Breakfast foods
281,37.2,13.4,Raspberry Scones,3.9,13.1,Breakfast foods
53,11.8,0.7,Pumpkin Gingerbread Smoothie,1.0,5.0,Breakfast foods
111,4.4,8.3,Cabbage Hash Browns,5.2,2.1,Breakfast foods
201,31.5,6.9,Peanut Butter Banana English Muffin,7.1,10.0,Breakfast foods
150,2.2,9.9,Breakfast Sausage Sauteed with Red and Green Bell Peppers,12.7,1.3,Breakfast foods
74,2.8,4.3,Curry Scramble,6.1,2.0,Breakfast foods
95,14.2,4.2,Loaded Paleo Breakfast Hash,2.0,4.9,Breakfast foods
39,7.1,0.6,Breakfast Quinoa,1.3,1.7,Breakfast foods
255,1.0,21.2,Bacon Egg and Cheese in a Mug,14.7,0.3,Breakfast foods
174,16.5,8.8,Greek Yogurt and Jam Parfait,6.9,3.1,Breakfast foods
80,14.1,2.1,nute Energizing Oatmeal,2.6,5.4,Breakfast foods
170,24.2,6.4,Chocolate Peanut Butter Overnight Oats,7.7,13.5,Breakfast foods
253,1.1,23.0,Cream Cheese Omelet,10.2,0.7,Breakfast foods
101,16.5,3.2,Quinoa Superfood Breakfast Bowl,2.9,4.8,Breakfast foods
206,12.2,13.1,Fried Egg Sandwich,10.1,3.1,Breakfast foods
255,33.1,11.3,Belgian Waffles,5.5,12.5,Breakfast foods
155,4.6,10.5,Sausage and Sweet Potato Casserole,10.2,1.1,Breakfast foods
67,9.8,0.5,Coffee and Banana Protein Smoothie,6.5,5.8,Breakfast foods
111,25.6,0.6,Maple Brown Sugar Oatmeal,2.8,9.5,Breakfast foods
431,43.2,19.0,Cinnamon Vanilla Breakfast Protein Bites,26.8,22.6,Breakfast foods
182,12.1,10.4,Eggs on Toast with Goat Cheese & Peas,10.1,2.9,Breakfast foods
87,14.2,3.2,Spinach Date and Almond Green Smoothie,2.6,8.2,Breakfast foods
206,9.2,17.9,Overnight Chia Pudding,4.7,3.0,Breakfast foods
122,3.4,9.4,Cauliflower and Feta Omelet,6.6,1.5,Breakfast foods
44,9.9,0.5,Fruity Kale Morning Smoothie,0.7,6.6,Breakfast foods
107,9.6,6.9,Grapefruit & Ginger Chia Pudding,2.5,4.1,Breakfast foods
120,2.5,8.0,Simple Vegetable Egg Bake,9.1,1.7,Breakfast foods
175,4.2,12.7,Asparagus and Cashew Omelet,11.8,1.1,Breakfast foods
139,18.6,3.2,Blueberry Shake,10.3,3.1,Breakfast foods
183,1.6,13.4,Omelette with goat cheese and bacon,13.0,0.9,Breakfast foods
146,11.4,8.0,Ham and Cheese Quiche,7.2,0.3,Breakfast foods
426,46.1,27.6,Simple Vegan Date Bars,6.1,33.7,Breakfast foods
34,3.2,2.3,Cucumber Avocado Soup Soupe Glac avocat,0.8,1.3,Breakfast foods
146,14.4,3.6,Protein Tiramisu Pancakes,14.0,3.9,Breakfast foods
160,1.5,11.6,Scrambled Eggs with Smoked Salmon and Lemon Cream,12.0,0.5,Breakfast foods
163,7.1,12.2,Scrambled Eggs Avocado and Smoked Salmon on Toast,7.5,1.0,Breakfast foods
161,9.2,9.4,Baked Sausage Spinach and Egg Taquitos,10.1,0.9,Breakfast foods
113,4.7,7.7,Hot and spicy Indian scrambled egg chutney,6.6,2.1,Breakfast foods
121,2.7,8.5,Green Eggs,8.9,0.8,Breakfast foods
188,23.5,9.4,Overnight Oats,6.1,4.4,Breakfast foods
93,9.5,2.7,Mixed Berry Morning Smoothie,8.5,1.6,Breakfast foods
67,2.8,2.3,Ham and Veggie Omelet,8.5,1.8,Breakfast foods
138,18.2,4.1,Vanilla Blueberry Protein Muffins,9.8,3.5,Breakfast foods
190,13.9,11.4,German Pancakes,8.6,1.9,Breakfast foods
171,8.1,10.3,Cottage Cheese Pancakes,11.7,1.5,Breakfast foods
148,22.4,2.4,High Protein Pancakes,11.5,1.2,Breakfast foods
243,41.9,4.9,Whole Grain Pancakes with Wild Blueberry Maple Syrup,9.1,27.4,Breakfast foods
187,25.8,6.2,Super Pancakes,6.7,5.8,Breakfast foods
159,28.5,3.1,Ricotta Blueberry Pancakes,4.2,13.5,Breakfast foods
192,22.2,1.2,Sweet Potato Muffins,23.5,6.0,Breakfast foods
188,16.3,8.3,English Muffin Breakfast Pizza,13.1,3.7,Breakfast foods
135,15.8,7.9,Tropical Coconut Oatmeal,2.3,6.2,Breakfast foods
216,9.6,14.8,Scrambled Eggs with Chorizo and Tortillas,10.8,1.3,Breakfast foods
359,13.7,33.2,Overnight Banana Nut Porridge,7.9,3.5,Breakfast foods
68,11.2,2.3,Blueberry Peach Oatmeal,2.1,4.2,Breakfast foods
125,1.9,9.3,Baked Spinach and Eggs,8.5,0.9,Breakfast foods
146,18.7,5.7,French Toast with Fruit,5.5,7.9,Breakfast foods
209,21.7,9.2,Cinnamon French Toast,9.2,3.6,Breakfast foods
142,23.4,4.3,Zucchini Bread Overnight Oats,4.0,6.9,Breakfast foods
110,8.9,6.4,Chai Chia Pudding No Sugar,3.6,0.4,Breakfast foods
89,18.1,1.0,Orange Breakfast Quinoa,2.7,6.5,Breakfast foods
137,26.2,2.2,Banana Bread Oatmeal,4.9,10.0,Breakfast foods
143,21.7,1.8,High Protein Banana Oatcake,10.4,2.9,Breakfast foods
90,14.9,0.6,Blueberry Muffin Overnight Oats,7.1,4.3,Breakfast foods
103,12.9,1.0,Clean Eating Protein Pancakes,10.9,0.6,Breakfast foods
265,13.4,18.7,Eggs with Hats on Top,10.7,1.5,Breakfast foods
81,19.5,0.4,Oatmeal and raisins,1.9,8.3,Breakfast foods
122,2.1,8.1,Basic egg white omelet,9.8,1.3,Breakfast foods
90,12.0,3.8,Peanut Butter Raisin Oatmeal,3.7,5.2,Breakfast foods
109,12.1,7.1,Blueberry Smoothie,1.7,7.7,Breakfast foods
114,19.2,1.6,Cinnamon Oatmeal Pancakes,7.5,4.4,Breakfast foods
159,29.6,3.1,Vegan Pancakes,3.2,5.1,Breakfast foods
58,10.7,1.2,Cinnamon Porridge with Blueberries and Greek Yogurt,2.2,0.8,Breakfast foods
106,2.6,7.4,Ham and Egg Mushroom Cups,8.0,1.3,Breakfast foods
126,6.9,7.4,Spinach Frittata with Sweet Potato Crust,7.9,2.1,Breakfast foods
77,4.5,4.0,Zucchini Hash,5.9,1.9,Breakfast foods
84,8.5,2.3,Egg White Spinach Feta Wrap,7.8,1.5,Breakfast foods
50,10.1,0.3,Apple Oatmeal,2.4,4.6,Breakfast foods
134,5.0,8.8,Blueberry Vanilla Greek Yogurt,7.3,1.2,Breakfast foods
134,4.4,9.4,Smoky Scrambled Eggs,8.6,1.4,Breakfast foods
42,11.3,1.2,Oat bran and cinnamon,2.9,0.3,Breakfast foods
176,28.1,4.3,Everything Bagel with Cream Cheese and Cucumber,6.9,1.5,Breakfast foods
296,0.9,25.7,Keto Breakfast Burger,15.1,0.7,Breakfast foods
229,3.1,19.7,Scrambled Eggs with Chorizo,9.5,1.3,Breakfast foods
207,4.3,18.9,Keto Breakfast Potatoes,5.1,2.6,Breakfast foods
170,19.2,6.6,Egg and Veggie Breakfast Sandwich,9.7,4.1,Breakfast foods
42,0.2,2.8,Easy To Peel Hard Boiled Eggs,3.7,0.1,Breakfast foods
93,9.6,2.7,Oatmeal Banana Peanut Butter Chocolate Shake,8.4,2.5,Breakfast foods
70,2.9,3.6,Scrambled Eggs and Broccoli,7.1,0.9,Breakfast foods
72,14.6,1.5,Banana Nut Oatmeal,1.9,3.6,Breakfast foods
96,2.8,6.2,Skinny Greek Omelet,7.3,1.4,Breakfast foods
278,0.9,25.6,Low Carb Asiago Baked Eggs,11.4,0.3,Breakfast foods
209,2.3,17.2,Pesto Scrambled Eggs,10.7,0.3,Breakfast foods
76,1.7,2.7,Spinach Swiss and Egg White Omelet,10.8,0.7,Breakfast foods
85,2.9,4.3,Mushroom Spinach Omelet Recipe,8.6,0.9,Breakfast foods
252,42.7,3.5,Whole Wheat Toast,12.5,4.3,Breakfast foods
141,1.4,10.4,Spinach Scrambled Eggs,10.2,0.4,Breakfast foods
140,2.7,7.8,Ham and Egg Scramble,14.0,0.3,Breakfast foods
126,16.1,6.3,Morning Roasted Potatoes,1.9,0.7,Breakfast foods
130,3.1,9.3,Eggs with Onion and Green Pepper,8.1,1.5,Breakfast foods
169,1.5,12.5,Basic scrambled eggs,12.1,0.4,Breakfast foods
182,15.8,7.3,Soft Boiled Eggs & Toast,12.5,1.8,Breakfast foods
49,11.5,0.4,Nectarine and Stawberry Porridge,1.3,5.7,Breakfast foods
166,0.7,12.4,Over Easy Eggs,12.1,0.4,Breakfast foods
145,3.1,11.4,Spinach Onion Scramble,7.6,1.2,Breakfast foods
136,16.1,7.5,Classic Hash Browns,2.0,0.8,Breakfast foods
145,1.7,10.5,Scrambled Eggs with Spinach and Feta,10.7,0.8,Breakfast foods
174,0.7,13.5,Basic Eggs,11.9,0.4,Breakfast foods
354,7.2,30.7,Skinny Pancakes,12.9,1.6,Breakfast foods
56,0.3,3.7,Microwave Poached Eggs,4.9,0.1,Breakfast foods
99,12.7,5.3,Coconut Cinnamon Oats,1.7,2.9,Breakfast foods
32,7.7,0.3,Strawberries,0.7,4.9,Breakfast foods
156,17.5,8.9,Apple Granola Cookies,4.2,10.6,Breakfast foods
106,15.9,3.0,Cherry Fridge Oats,5.5,5.5,Breakfast foods
89,11.2,4.3,Blueberry Almond Chia Pudding,2.4,5.4,Breakfast foods
115,15.3,4.4,Vanilla Chai Chia Pudding,2.7,7.7,Breakfast foods
226,12.9,16.0,Tomato Avocado Quiche,8.1,1.6,Breakfast foods
96,3.7,5.1,Skinny Chicken and Vegetable Frittata,8.8,1.8,Breakfast foods
127,22.5,3.2,Vegan Pancakes,3.7,2.9,Breakfast foods
113,9.4,7.4,Tofu Scramble with Sweet Potato & Greens,3.1,2.9,Breakfast foods
60,8.9,1.9,Blueberry Almond and Kale Smoothie,2.8,6.9,Breakfast foods
82,7.4,3.8,Tofu Scramble,5.9,1.1,Breakfast foods
188,15.9,13.1,Seedy Avocado Toast,4.8,1.9,Breakfast foods
151,18.2,5.1,Eggs and Oatmeal,7.8,7.6,Breakfast foods
160,3.3,10.8,Simple Meat Scramble,12.3,0.8,Breakfast foods
142,17.1,2.6,Chocolate Overnight Oats,14.2,2.3,Breakfast foods
179,1.4,14.7,Omelet with Cheese and Spinach,10.2,0.3,Breakfast foods
117,19.4,4.0,Maple Berry Chia Overnight Oats,3.0,6.0,Breakfast foods
95,16.0,1.7,Overnight Apple Cinnamon Oatmeal,5.3,7.7,Breakfast foods
121,13.8,3.8,Greek Yogurt Pancakes and Berry Sauce,9.2,2.7,Breakfast foods
92,13.4,4.0,Easy Sweet Potato Hash,1.2,4.4,Breakfast foods
212,1.5,18.0,Feta & Pesto Omelette,10.7,1.0,Breakfast foods
169,18.4,8.2,Vegetarian Breakfast Burrito,6.3,1.2,Breakfast foods
143,16.2,5.4,Soy Milk Pancakes,8.4,0.4,Breakfast foods
122,2.2,7.3,Scrambled Eggs with Sausage and Feta,11.3,1.2,Breakfast foods
111,11.9,5.8,Vanilla Chia Seed Pudding,2.9,3.4,Breakfast foods
115,21.0,2.1,Whole Wheat Blueberry Waffles,4.7,5.2,Breakfast foods
174,1.1,12.4,Egg Muffins with Sausage,13.9,0.7,Breakfast foods
90,6.8,3.2,Pineapple Protein Chia Seed Pudding,8.5,1.3,Breakfast foods
87,4.6,5.4,Bacon and Egg Scramble with Bell Peppers Mushrooms and Onions,5.4,1.4,Breakfast foods
47,10.9,0.4,Peaches and Greens Smoothie,0.8,8.1,Breakfast foods
59,13.6,0.6,Mango Smoothie Bowl,1.0,9.6,Breakfast foods
117,23.6,1.7,Baked Blueberry Oatmeal,3.5,10.9,Breakfast foods
173,1.5,12.9,Ground Beef Omelet,12.2,0.6,Breakfast foods
152,16.9,7.1,Overnight Honey Chia Oats,6.1,5.6,Breakfast foods
105,7.3,6.6,Spinach and Pear Omelet,5.1,4.2,Breakfast foods
78,2.5,5.2,Spinach and Mushroom Eggs,6.1,0.9,Breakfast foods
158,1.0,10.5,Eggs Cheese Turkey Sausage Omelet,13.9,0.4,Breakfast foods
105,15.4,3.6,Vegan French Toast,3.1,2.7,Breakfast foods
78,3.1,5.6,Poached Eggs with Bacon and Tomatoes,4.1,2.1,Breakfast foods
206,1.7,17.1,Pesto Scrambled Eggs,10.7,0.4,Breakfast foods
100,20.3,1.3,Apple Cinnamon Baked Oatmeal,2.4,10.7,Breakfast foods
163,15.4,3.0,Banana Protein Pancakes,19.9,6.7,Breakfast foods
60,14.6,0.3,nute Healthy Strawberry Frozen Yogurt,1.2,11.0,Breakfast foods
42,4.7,1.4,Strawberry Tofu Smoothie,3.0,1.8,Breakfast foods
95,8.7,4.2,Spinach Feta Quiche with Sweet Potato Crust,5.9,2.7,Breakfast foods
96,1.5,6.3,Egg White Spinach Omelet,8.3,1.0,Breakfast foods
115,1.7,8.4,Paleo Tomato and Egg Scramble,8.0,1.1,Breakfast foods
313,10.6,29.0,Ackee Fritters,3.2,1.7,Breakfast foods
46,7.4,1.0,Blueberry Chocolate Smoothie,2.9,3.2,Breakfast foods
173,8.8,12.7,Omega Waffles,7.7,2.5,Breakfast foods
193,19.0,10.3,English Muffin Egg Sandwich,7.7,0.9,Breakfast foods
184,16.7,9.3,Bacon Fig and Arugula Toast,9.2,8.1,Breakfast foods
204,16.4,13.3,Coconut Quinoa,7.5,1.0,Breakfast foods
92,14.5,2.9,Peanut Butter Oatmeal and Berries,2.8,3.2,Breakfast foods
285,8.3,25.4,Fried Egg on Toast with Pepper Jack and Avocado,7.7,0.9,Breakfast foods
140,18.4,2.6,Protein Pancakes,10.7,1.1,Breakfast foods
146,14.4,3.4,Red Eye Protein Parfait,15.3,7.7,Breakfast foods
244,16.7,14.1,Morning Lox Salad,12.4,2.7,Breakfast foods
95,8.6,3.7,Peach Oatmeal Smoothie,7.1,3.2,Breakfast foods
116,8.9,6.6,Paleo Sausage and Veggie Scramble,5.6,3.0,Breakfast foods
154,2.0,10.7,Spinach and Mozzarella Egg Bake,12.3,0.6,Breakfast foods
332,51.0,13.2,Everyday Granola,7.2,20.7,Breakfast foods
96,2.7,5.0,Green Egg Muffin,10.0,1.1,Breakfast foods
85,15.1,1.9,Quinoa Breakfast Pudding,2.9,7.8,Breakfast foods
178,25.6,7.7,Breakfast Berry Cobbler,5.0,5.6,Breakfast foods
162,23.6,6.0,Buckwheat Pancakes with Oranges and Honey,4.3,9.9,Breakfast foods
47,6.0,1.3,Paleo Zucchini Oatless Oatmeal GF Paleo Low Cal,3.2,3.3,Breakfast foods
181,22.5,6.8,Eggs Piperade,7.6,2.4,Breakfast foods
181,1.9,13.9,Sausage Egg Muffins,11.7,1.2,Breakfast foods
86,15.4,2.3,Overnight Buckwheat and Steel Cut Oats Breakfast,2.5,4.3,Breakfast foods
245,13.4,17.7,Low Carb Maple Pecan Pancakes,9.8,7.2,Breakfast foods
71,14.1,1.7,Chocolate Covered Berry Smoothie,0.9,8.4,Breakfast foods
499,47.5,31.5,Twiix Chocolate Croissants,6.8,13.9,Breakfast foods
104,10.4,5.9,Creamy White Cheddar Grits,2.9,0.0,Breakfast foods
138,6.0,8.6,Goat Cheese Tomato and Parsley Scramble,9.1,1.7,Breakfast foods
33,7.3,0.6,Toxin Cleanse Detox Smoothie,0.6,4.6,Breakfast foods
125,6.9,8.5,Almond Raspberry Smoothie,5.9,2.3,Breakfast foods
159,1.7,12.8,Sausage Spinach and Feta Frittata,9.5,0.9,Breakfast foods
126,21.4,5.2,Fruit and Berry Compote,1.5,7.8,Breakfast foods
183,16.9,8.8,Fluffy Cottage Cheese Pancakes,9.7,5.2,Breakfast foods
90,3.7,5.9,Egg White Frittata,5.9,2.3,Breakfast foods
166,27.4,3.5,Banana Bruschetta,7.8,10.9,Breakfast foods
218,28.4,9.8,Buckwheat Pancakes,6.1,9.0,Breakfast foods
131,14.8,6.2,Pineapple Sriracha Breakfast Bowl,4.7,3.5,Breakfast foods
354,4.2,32.4,Gluten Free Keto Pancakes,11.5,1.1,Breakfast foods
310,8.8,26.1,Coconut Flour Protein Waffles,10.4,0.6,Breakfast foods
205,17.3,10.9,Toasted Camembert and Pear Sandwich,10.2,4.5,Breakfast foods
235,45.2,4.3,Skinny Mini Banana Muffins,5.2,16.6,Breakfast foods
104,15.8,2.6,Oat Pancakes,4.7,0.1,Breakfast foods
116,0.7,8.0,Basic Egg White Omelet,9.9,0.7,Breakfast foods
94,5.3,6.2,Simple Tofu Scramble,6.5,1.6,Breakfast foods
150,4.4,8.9,Turkey and Spinach Omelet,13.1,2.0,Breakfast foods
112,12.0,5.0,Rosemary Potato Egg Bake,5.0,1.2,Breakfast foods
108,11.9,3.1,Banana oatmeal smoothie,8.8,3.0,Breakfast foods
73,4.3,6.8,Blackberry Chocolate Shake,0.7,1.9,Breakfast foods
191,12.1,11.1,Egg Burrito,10.6,1.3,Breakfast foods
192,4.1,17.5,Fried Irish Cabbage with Bacon,4.7,2.4,Breakfast foods
296,22.8,12.1,Maple Walnut Protein Muffin,27.0,8.0,Breakfast foods
204,3.4,15.7,Keto Spinach and Sausage Breakfast Muffins,12.2,1.3,Breakfast foods
70,14.9,0.3,Strawberry Banana Greek Yogurt with Honey,3.5,10.6,Breakfast foods
99,10.3,3.6,Spinach Pepper and Tomato Scramble on Toast,6.5,2.3,Breakfast foods
111,15.7,4.8,Fried Corn with Bacon,3.9,5.5,Breakfast foods
264,0.9,21.3,Scrambled Eggs and Fried Salami,16.5,0.7,Breakfast foods
116,15.3,3.9,SuperGreen Chia Pudding,6.1,7.9,Breakfast foods
57,6.4,0.5,Warm Blueberry Yogurt,7.2,4.8,Breakfast foods
64,10.2,2.6,PBJ smoothie,1.4,5.9,Breakfast foods
145,23.8,4.5,Apple Toast,4.2,7.9,Breakfast foods
150,13.8,7.1,Breakfast nachos,8.0,1.1,Breakfast foods
142,14.1,5.9,Cinnamon Peach Cottage Cheese Pancake,8.7,4.0,Breakfast foods
227,22.6,12.3,Bacon and Tomato Cups,6.8,4.6,Breakfast foods
146,11.1,8.1,Corned Beef Hash Cakes,6.9,1.3,Breakfast foods
175,24.3,5.6,Quick Brownbag Burritos,7.6,2.1,Breakfast foods
293,41.3,8.8,Buttermilk French Toast,12.5,23.0,Breakfast foods
158,7.8,10.1,Ham and Sweet Potato Hash with Fried Eggs,8.9,2.1,Breakfast foods
183,12.7,13.6,Sticky Bun Chia Seed Pudding,4.2,2.7,Breakfast foods
51,10.7,1.0,Rise and Shine Smoothie,0.7,6.7,Breakfast foods
92,19.2,1.3,Vegan GF Pancakes,2.3,3.2,Breakfast foods
113,3.8,8.5,Ham Pepper and Tomato Scramble,5.5,2.3,Breakfast foods
185,1.9,14.3,Tarragon and Chive Eggs,11.8,0.4,Breakfast foods
57,13.2,0.7,Pineapple Coconut Vitamin C Smoothie,0.4,10.6,Breakfast foods
88,9.5,5.8,Strawberries and Cream Smoothie,1.2,4.2,Breakfast foods
194,17.7,8.8,Sausage Egg and Cheese Muffin,11.8,3.5,Breakfast foods
109,2.9,8.4,Egg Mushroom Cups,6.0,1.6,Breakfast foods
123,1.0,6.5,Baked Eggs in Ham,14.6,0.2,Breakfast foods
77,13.1,1.6,Breakfast Quinoa,3.0,7.9,Breakfast foods
265,14.8,17.1,Fried Egg and Sausage Ciabatta Breakfast Pizzas,12.9,3.3,Breakfast foods
303,1.1,25.9,Bacon Weave Open Sandwich,15.6,0.6,Breakfast foods
226,6.9,17.9,Keto Pancakes Recipe,10.4,1.3,Breakfast foods
73,12.8,1.5,Strawberry Oatmeal,3.3,5.4,Breakfast foods
194,1.3,15.1,Oregano Eggs,12.5,0.3,Breakfast foods
170,10.0,13.7,Keto Blackberry Chia Pudding,3.3,2.8,Breakfast foods
209,27.4,6.3,Breakfast Burrito,10.3,0.9,Breakfast foods
149,14.9,7.7,Strawberry French Toast,5.5,7.8,Breakfast foods
122,9.5,8.5,Banana and Cashew Cream Smoothie,3.7,3.2,Breakfast foods
58,12.3,0.8,Oatmeal and Apples,1.4,4.9,Breakfast foods
40,2.0,0.4,Mushroom Egg White Omelet,7.4,1.3,Breakfast foods
122,2.5,9.8,Tofu Eggs,8.3,0.5,Breakfast foods
71,8.4,2.1,Peanut Butter Yogurt Oatmeal,5.7,1.7,Breakfast foods
102,2.6,4.6,Turkey and Cheese Omelet,12.1,1.4,Breakfast foods
113,7.3,5.9,Savory Cr pes,7.2,0.2,Breakfast foods
117,17.1,4.9,Crispy Hash Browns,2.0,0.6,Breakfast foods
78,5.7,2.9,Raspberry Peanut Butter Protein Smoothie,7.8,1.4,Breakfast foods
181,5.0,12.2,Sausage Egg and Cheese Scramble,12.4,1.9,Breakfast foods
116,7.1,6.8,Parsley and Tomato Scramble,6.7,2.1,Breakfast foods
179,19.9,8.2,Poached Egg with Baked Beans on Toast,6.6,1.1,Breakfast foods
30,7.3,0.1,Peach Mango Orange Smoothie,0.5,6.1,Breakfast foods
35,7.4,0.4,Scottish Porridge,1.3,0.3,Breakfast foods
168,1.2,12.9,Scrambled Eggs with Bacon and Mushrooms,11.1,0.8,Breakfast foods
130,15.8,5.7,Toast with Refried Beans and Avocado,5.2,1.0,Breakfast foods
